{"cameraMode":{"drawMode":31,"name":"Sprite Mask","section":"Miscellaneous"},"sceneLighting":true,"audioPlay":false,"sceneViewState":{"m_AlwaysRefresh":false,"showFog":false,"showSkybox":true,"showFlares":false,"showImageEffects":true,"showParticleSystems":true,"showVisualEffectGraphs":true,"m_FxEnabled":false},"in2DMode":false,"pivot":{"x":140.84608459472657,"y":118.40074920654297,"z":-27.041893005371095},"rotation":{"x":-0.2995365560054779,"y":-0.18851223587989808,"z":0.060485437512397769,"w":-0.9334506988525391},"size":5.7549357414245609,"orthographic":false}