{"cameraMode":{"drawMode":0,"name":"Shaded","section":"Shading Mode"},"sceneLighting":true,"audioPlay":false,"sceneViewState":{"m_AlwaysRefresh":false,"showFog":true,"showSkybox":true,"showFlares":true,"showImageEffects":true,"showParticleSystems":true,"showVisualEffectGraphs":true,"m_FxEnabled":false},"in2DMode":false,"pivot":{"x":127.59847259521485,"y":69.33866882324219,"z":37.78007125854492},"rotation":{"x":-0.3829136788845062,"y":-0.02082667127251625,"z":0.008694358170032502,"w":-0.9236235618591309},"size":5.7549357414245609,"orthographic":false}